Workbook

Sheet Backlog_CdC
A1: Task ID | B1: Module | C1: Tâche | D1: Type | E1: Description | F1: Effort (h) | G1: Durée (j) | H1: Dépend de | I1: Priorité | J1: Risque | K1: Responsable | L1: Statut | M1: Notes
A2: AUTH-1 | B2: Authentification | C2: Concevoir schema users | D2: Analysis | E2: Table users avec contraintes unicité email et index | F2: 4 | G2: =F2/8 | I2: P1 | J2: Moyen | K2: Backend Lead | L2: Non démarré | M2: Base pour auth
A3: AUTH-2 | B3: Authentification | C3: Implémenter hash mot de passe | D3: Dev | E3: Remplacer stockage clair par hash sécurisé | F3: 3 | G3: =F3/8 | H3: AUTH-1 | I3: P0 | J3: Élevé | K3: Backend Dev | L3: Non démarré | M3: Sécurité critique
A4: AUTH-3 | B4: Authentification | C4: Valider inscription | D4: Dev | E4: Validation email téléphone et doublons | F4: 4 | G4: =F4/8 | H4: AUTH-1 | I4: P1 | J4: Moyen | K4: Backend Dev | L4: Non démarré | M4: Contrôles côté service
A5: AUTH-4 | B5: Authentification | C5: Finaliser login | D5: Dev | E5: Login avec vérification crédentials et session | F5: 4 | G5: =F5/8 | H5: AUTH-2 | I5: P1 | J5: Moyen | K5: Backend Dev | L5: Non démarré | M5: Nécessaire pour parcours client
A6: AUTH-5 | B6: Authentification | C6: Tests auth unitaires | D6: Test | E6: Tests login inscription erreurs | F6: 6 | G6: =F6/8 | H6: AUTH-3,AUTH-4 | I6: P1 | J6: Moyen | K6: QA | L6: Non démarré | M6: Inclure cas invalides
A7: PROD-1 | B7: Produits | C7: Concevoir schema produits | D7: Analysis | E7: Table produits catégories prix stock | F7: 4 | G7: =F7/8 | I7: P1 | J7: Moyen | K7: Backend Lead | L7: Non démarré | M7: Dépendance catalogue
A8: PROD-2 | B8: Produits | C8: Lister produits avec filtres | D8: Dev | E8: Filtrer par catégorie et plage de prix | F8: 6 | G8: =F8/8 | H8: PROD-1 | I8: P1 | J8: Moyen | K8: Backend Dev | L8: Non démarré | M8: Endpoint principal catalogue
A9: PROD-3 | B9: Produits | C9: Détail produit | D9: Dev | E9: Retourner infos détaillées et disponibilité stock | F9: 4 | G9: =F9/8 | H9: PROD-1 | I9: P2 | J9: Faible | K9: Backend Dev | L9: Non démarré | M9: Vue fiche produit
A10: PROD-4 | B10: Produits | C10: Recherche produits | D10: Dev | E10: Recherche textuelle et tri | F10: 8 | G10: =F10/8 | H10: PROD-2 | I10: P2 | J10: Moyen | K10: Backend Dev | L10: Non démarré | M10: Amélioration UX
A11: PROD-5 | B11: Produits | C11: Tests catalogue | D11: Test | E11: Tests filtres recherche et contraintes stock | F11: 6 | G11: =F11/8 | H11: PROD-2,PROD-3 | I11: P2 | J11: Moyen | K11: QA | L11: Non démarré | M11: Valider cas limites
A12: CART-1 | B12: Panier | C12: Concevoir schema panier | D12: Analysis | E12: Tables cart et cart_items | F12: 4 | G12: =F12/8 | I12: P1 | J12: Moyen | K12: Backend Lead | L12: Non démarré | M12: Pré-requis panier
A13: CART-2 | B13: Panier | C13: Ajouter produit panier | D13: Dev | E13: Ajout quantité avec contrôle stock | F13: 8 | G13: =F13/8 | H13: CART-1,PROD-2 | I13: P1 | J13: Élevé | K13: Backend Dev | L13: Non démarré | M13: Point critique métier
A14: CART-3 | B14: Panier | C14: Retirer produit panier | D14: Dev | E14: Suppression ligne panier et recalcul | F14: 4 | G14: =F14/8 | H14: CART-2 | I14: P2 | J14: Faible | K14: Backend Dev | L14: Non démarré | M14: Fonction standard
A15: CART-4 | B15: Panier | C15: Calcul total panier | D15: Dev | E15: Sous-total taxes remises éventuelles | F15: 6 | G15: =F15/8 | H15: CART-2 | I15: P1 | J15: Moyen | K15: Backend Dev | L15: Non démarré | M15: Base checkout
A16: CART-5 | B16: Panier | C16: Persistance panier | D16: Dev | E16: Sauvegarde et restauration session panier | F16: 8 | G16: =F16/8 | H16: CART-1 | I16: P1 | J16: Moyen | K16: Backend Dev | L16: Non démarré | M16: Continuité utilisateur
A17: CART-6 | B17: Panier | C17: Tests panier | D17: Test | E17: Tests ajout retrait total et stock | F17: 8 | G17: =F17/8 | H17: CART-2,CART-4 | I17: P1 | J17: Moyen | K17: QA | L17: Non démarré | M17: Inclure concurrence simple
A18: ORDER-1 | B18: Commandes | C18: Concevoir schema commandes | D18: Analysis | E18: Tables orders et order_items | F18: 4 | G18: =F18/8 | I18: P1 | J18: Moyen | K18: Backend Lead | L18: Non démarré | M18: Pré-requis checkout
A19: ORDER-2 | B19: Commandes | C19: Implémenter checkout | D19: Dev | E19: Conversion panier vers commande | F19: 12 | G19: =F19/8 | H19: CART-2,CART-4,ORDER-1 | I19: P1 | J19: Élevé | K19: Backend Dev | L19: Non démarré | M19: Chemin critique
A20: ORDER-3 | B20: Commandes | C20: Workflow statut commande | D20: Dev | E20: pending confirmed shipped delivered cancelled | F20: 6 | G20: =F20/8 | H20: ORDER-2 | I20: P2 | J20: Moyen | K20: Backend Dev | L20: Non démarré | M20: Traçabilité commande
A21: ORDER-4 | B21: Commandes | C21: Historique commandes | D21: Dev | E21: Lister commandes client avec filtres date | F21: 6 | G21: =F21/8 | H21: ORDER-2 | I21: P2 | J21: Faible | K21: Backend Dev | L21: Non démarré | M21: Fonction client
A22: ORDER-5 | B22: Commandes | C22: Tests intégration commandes | D22: Test | E22: Parcours E2E checkout statut historique | F22: 12 | G22: =F22/8 | H22: ORDER-2,ORDER-3 | I22: P1 | J22: Élevé | K22: QA | L22: Non démarré | M22: Valider transactions
A23: NET-1 | B23: Réseau Serveur | C23: Compléter RequestRouter | D23: Dev | E23: Gérer tous types de messages métier | F23: 10 | G23: =F23/8 | H23: AUTH-4,PROD-2,CART-2,ORDER-2 | I23: P0 | J23: Élevé | K23: Backend Lead | L23: Non démarré | M23: Bloque endpoints
A24: NET-2 | B24: Réseau Serveur | C24: Normaliser gestion erreurs | D24: Dev | E24: Codes erreurs et réponses JSON homogènes | F24: 6 | G24: =F24/8 | H24: NET-1 | I24: P1 | J24: Moyen | K24: Backend Dev | L24: Non démarré | M24: Observabilité
A25: NET-3 | B25: Réseau Serveur | C25: Gérer timeouts et cleanup | D25: Dev | E25: Fermeture connexions inactives et ressources | F25: 4 | G25: =F25/8 | H25: NET-1 | I25: P2 | J25: Moyen | K25: Backend Dev | L25: Non démarré | M25: Stabilité serveur
A26: NET-4 | B26: Réseau Serveur | C26: Tests charge concurrence | D26: Test | E26: Tester 10+ clients simultanés | F26: 12 | G26: =F26/8 | H26: NET-1,DB-1 | I26: P1 | J26: Élevé | K26: QA | L26: Non démarré | M26: Mesurer limites
A27: DB-1 | B27: Base de données | C27: Mettre en place pool connexions | D27: Dev | E27: Remplacer connexions directes par pool | F27: 8 | G27: =F27/8 | I27: P1 | J27: Moyen | K27: Backend Dev | L27: Non démarré | M27: Performance
A28: DB-2 | B28: Base de données | C28: Script initialisation SQL | D28: Infra | E28: Script création schémas index contraintes | F28: 4 | G28: =F28/8 | H28: AUTH-1,PROD-1,CART-1,ORDER-1 | I28: P1 | J28: Faible | K28: Backend Dev | L28: Non démarré | M28: Onboarding rapide
A29: DB-3 | B29: Base de données | C29: Transactions checkout | D29: Dev | E29: Garantir ACID pour opérations commandes stock | F29: 8 | G29: =F29/8 | H29: ORDER-2 | I29: P0 | J29: Élevé | K29: Backend Lead | L29: Non démarré | M29: Évite incohérences
A30: DB-4 | B30: Base de données | C30: Indexation requêtes clés | D30: Dev | E30: Indexer user_id product_id order_id | F30: 4 | G30: =F30/8 | H30: DB-2 | I30: P2 | J30: Faible | K30: Backend Dev | L30: Non démarré | M30: Optimisation
A31: CLIENT-1 | B31: Client | C31: Améliorer interface console | D31: Dev | E31: Menu plus clair et parcours simplifié | F31: 6 | G31: =F31/8 | H31: AUTH-4,PROD-2 | I31: P3 | J31: Faible | K31: Frontend Dev | L31: Non démarré | M31: Confort utilisateur
A32: CLIENT-2 | B32: Client | C32: Validation saisies client | D32: Dev | E32: Vérifier format avant envoi serveur | F32: 4 | G32: =F32/8 | H32: CLIENT-1 | I32: P2 | J32: Faible | K32: Frontend Dev | L32: Non démarré | M32: Réduction erreurs
A33: CLIENT-3 | B33: Client | C33: Tests client | D33: Test | E33: Tests parsing et formatage réponses | F33: 4 | G33: =F33/8 | H33: CLIENT-1,CLIENT-2 | I33: P3 | J33: Faible | K33: QA | L33: Non démarré | M33: Qualité IHM console
A34: DOC-1 | B34: Documentation Déploiement | C34: Documenter API | D34: Docs | E34: Types requêtes payloads réponses exemples | F34: 6 | G34: =F34/8 | H34: NET-1 | I34: P2 | J34: Faible | K34: Tech Writer | L34: Non démarré | M34: Référence équipe
A35: DOC-2 | B35: Documentation Déploiement | C35: Documenter schéma DB | D35: Docs | E35: ERD description tables et relations | F35: 4 | G35: =F35/8 | H35: DB-2 | I35: P2 | J35: Faible | K35: Tech Writer | L35: Non démarré | M35: Support maintenance
A36: DOC-3 | B36: Documentation Déploiement | C36: Guide déploiement | D36: Docs | E36: Pré-requis config lancement server client | F36: 4 | G36: =F36/8 | H36: DB-2,NET-1 | I36: P2 | J36: Faible | K36: DevOps | L36: Non démarré | M36: Onboarding
A37: DEPLOY-1 | B37: Documentation Déploiement | C37: Configurer build Maven ou Gradle | D37: Infra | E37: Automatiser compilation et exécution tests | F37: 6 | G37: =F37/8 | H37: AUTH-5,PROD-5,CART-6,ORDER-5 | I37: P2 | J37: Moyen | K37: DevOps | L37: Non démarré | M37: Base CI
A38: DEPLOY-2 | B38: Documentation Déploiement | C38: Containeriser application | D38: Infra | E38: Dockerfile server client base données | F38: 8 | G38: =F38/8 | H38: DEPLOY-1,DB-2 | I38: P3 | J38: Moyen | K38: DevOps | L38: Non démarré | M38: Portabilité env
A39: DEPLOY-3 | B39: Documentation Déploiement | C39: Mettre CI CD | D39: Infra | E39: Pipeline build tests et packaging | F39: 8 | G39: =F39/8 | H39: DEPLOY-1 | I39: P2 | J39: Moyen | K39: DevOps | L39: Non démarré | M39: Qualité continue

Sheet Synthese
A1: KPI | B1: Valeur
A2: Nombre total de tâches | B2: =COUNTA(Backlog_CdC!A:A)-1
A3: Effort total (h) | B3: =SUM(Backlog_CdC!F:F)
A4: Durée totale (j) | B4: =SUM(Backlog_CdC!G:G)
A5: Tâches critiques (P0/P1) | B5: =COUNTIF(Backlog_CdC!I:I,"P0")+COUNTIF(Backlog_CdC!I:I,"P1")
A6: Tâches risque élevé | B6: =COUNTIF(Backlog_CdC!J:J,"Élevé")
A7: Tâches terminées | B7: =COUNTIF(Backlog_CdC!L:L,"Terminé")
A8: Avancement global (%) | B8: =IF(B2=0,0,B7/B2)
A10: Module | B10: Effort total (h) | C10: Nombre de tâches
A11: Authentification | B11: =SUMIFS(Backlog_CdC!F:F,Backlog_CdC!B:B,A11) | C11: =COUNTIFS(Backlog_CdC!B:B,A11)
A12: Produits | B12: =SUMIFS(Backlog_CdC!F:F,Backlog_CdC!B:B,A12) | C12: =COUNTIFS(Backlog_CdC!B:B,A12)
A13: Panier | B13: =SUMIFS(Backlog_CdC!F:F,Backlog_CdC!B:B,A13) | C13: =COUNTIFS(Backlog_CdC!B:B,A13)
A14: Commandes | B14: =SUMIFS(Backlog_CdC!F:F,Backlog_CdC!B:B,A14) | C14: =COUNTIFS(Backlog_CdC!B:B,A14)
A15: Réseau Serveur | B15: =SUMIFS(Backlog_CdC!F:F,Backlog_CdC!B:B,A15) | C15: =COUNTIFS(Backlog_CdC!B:B,A15)
A16: Base de données | B16: =SUMIFS(Backlog_CdC!F:F,Backlog_CdC!B:B,A16) | C16: =COUNTIFS(Backlog_CdC!B:B,A16)
A17: Client | B17: =SUMIFS(Backlog_CdC!F:F,Backlog_CdC!B:B,A17) | C17: =COUNTIFS(Backlog_CdC!B:B,A17)
A18: Documentation Déploiement | B18: =SUMIFS(Backlog_CdC!F:F,Backlog_CdC!B:B,A18) | C18: =COUNTIFS(Backlog_CdC!B:B,A18)
